Timestamp,Luminosity
2024-12-04 00:00:00,0
2024-12-04 00:01:00,2
2024-12-04 00:02:00,0
2024-12-04 00:03:00,43
2024-12-04 00:04:00,49
2024-12-04 00:05:00,0
2024-12-04 00:06:00,42
2024-12-04 00:07:00,39
2024-12-04 00:08:00,17
2024-12-04 00:09:00,17
2024-12-04 00:10:00,31
2024-12-04 00:11:00,15
2024-12-04 00:12:00,12
2024-12-04 00:13:00,0
2024-12-04 00:14:00,0
2024-12-04 00:15:00,0
2024-12-04 00:16:00,34
2024-12-04 00:17:00,15
2024-12-04 00:18:00,0
2024-12-04 00:19:00,0
2024-12-04 00:20:00,10
2024-12-04 00:21:00,19
2024-12-04 00:22:00,0
2024-12-04 00:23:00,0
2024-12-04 00:24:00,0
2024-12-04 00:25:00,0
2024-12-04 00:26:00,9
2024-12-04 00:27:00,0
2024-12-04 00:28:00,13
2024-12-04 00:29:00,0
2024-12-04 00:30:00,0
2024-12-04 00:31:00,3
2024-12-04 00:32:00,1
2024-12-04 00:33:00,0
2024-12-04 00:34:00,0
2024-12-04 00:35:00,2
2024-12-04 00:36:00,4
2024-12-04 00:37:00,0
2024-12-04 00:38:00,0
2024-12-04 00:39:00,0
2024-12-04 00:40:00,0
2024-12-04 00:41:00,0
2024-12-04 00:42:00,0
2024-12-04 00:43:00,15
2024-12-04 00:44:00,7
2024-12-04 00:45:00,0
2024-12-04 00:46:00,22
2024-12-04 00:47:00,20
2024-12-04 00:48:00,0
2024-12-04 00:49:00,22
2024-12-04 00:50:00,0
2024-12-04 00:51:00,0
2024-12-04 00:52:00,8
2024-12-04 00:53:00,0
2024-12-04 00:54:00,16
2024-12-04 00:55:00,24
2024-12-04 00:56:00,0
2024-12-04 00:57:00,41
2024-12-04 00:58:00,38
2024-12-04 00:59:00,31
2024-12-04 01:00:00,23
2024-12-04 01:01:00,30
2024-12-04 01:02:00,6
2024-12-04 01:03:00,3
2024-12-04 01:04:00,0
2024-12-04 01:05:00,0
2024-12-04 01:06:00,27
2024-12-04 01:07:00,42
2024-12-04 01:08:00,0
2024-12-04 01:09:00,0
2024-12-04 01:10:00,0
2024-12-04 01:11:00,3
2024-12-04 01:12:00,36
2024-12-04 01:13:00,0
2024-12-04 01:14:00,0
2024-12-04 01:15:00,0
2024-12-04 01:16:00,0
2024-12-04 01:17:00,31
2024-12-04 01:18:00,0
2024-12-04 01:19:00,0
2024-12-04 01:20:00,0
2024-12-04 01:21:00,5
2024-12-04 01:22:00,43
2024-12-04 01:23:00,22
2024-12-04 01:24:00,0
2024-12-04 01:25:00,32
2024-12-04 01:26:00,0
2024-12-04 01:27:00,0
2024-12-04 01:28:00,16
2024-12-04 01:29:00,0
2024-12-04 01:30:00,0
2024-12-04 01:31:00,49
2024-12-04 01:32:00,18
2024-12-04 01:33:00,0
2024-12-04 01:34:00,18
2024-12-04 01:35:00,0
2024-12-04 01:36:00,0
2024-12-04 01:37:00,0
2024-12-04 01:38:00,0
2024-12-04 01:39:00,0
2024-12-04 01:40:00,0
2024-12-04 01:41:00,0
2024-12-04 01:42:00,0
2024-12-04 01:43:00,6
2024-12-04 01:44:00,0
2024-12-04 01:45:00,0
2024-12-04 01:46:00,2
2024-12-04 01:47:00,18
2024-12-04 01:48:00,0
2024-12-04 01:49:00,36
2024-12-04 01:50:00,0
2024-12-04 01:51:00,4
2024-12-04 01:52:00,0
2024-12-04 01:53:00,0
2024-12-04 01:54:00,44
2024-12-04 01:55:00,0
2024-12-04 01:56:00,0
2024-12-04 01:57:00,0
2024-12-04 01:58:00,0
2024-12-04 01:59:00,47
2024-12-04 02:00:00,0
2024-12-04 02:01:00,0
2024-12-04 02:02:00,0
2024-12-04 02:03:00,1
2024-12-04 02:04:00,0
2024-12-04 02:05:00,0
2024-12-04 02:06:00,0
2024-12-04 02:07:00,18
2024-12-04 02:08:00,0
2024-12-04 02:09:00,11
2024-12-04 02:10:00,0
2024-12-04 02:11:00,4
2024-12-04 02:12:00,7
2024-12-04 02:13:00,3
2024-12-04 02:14:00,14
2024-12-04 02:15:00,44
2024-12-04 02:16:00,1
2024-12-04 02:17:00,0
2024-12-04 02:18:00,0
2024-12-04 02:19:00,0
2024-12-04 02:20:00,0
2024-12-04 02:21:00,0
2024-12-04 02:22:00,4
2024-12-04 02:23:00,0
2024-12-04 02:24:00,17
2024-12-04 02:25:00,24
2024-12-04 02:26:00,0
2024-12-04 02:27:00,0
2024-12-04 02:28:00,0
2024-12-04 02:29:00,0
2024-12-04 02:30:00,0
2024-12-04 02:31:00,24
2024-12-04 02:32:00,0
2024-12-04 02:33:00,49
2024-12-04 02:34:00,16
2024-12-04 02:35:00,37
2024-12-04 02:36:00,1
2024-12-04 02:37:00,46
2024-12-04 02:38:00,12
2024-12-04 02:39:00,31
2024-12-04 02:40:00,0
2024-12-04 02:41:00,15
2024-12-04 02:42:00,0
2024-12-04 02:43:00,44
2024-12-04 02:44:00,23
2024-12-04 02:45:00,1
2024-12-04 02:46:00,35
2024-12-04 02:47:00,40
2024-12-04 02:48:00,32
2024-12-04 02:49:00,42
2024-12-04 02:50:00,0
2024-12-04 02:51:00,43
2024-12-04 02:52:00,0
2024-12-04 02:53:00,0
2024-12-04 02:54:00,0
2024-12-04 02:55:00,0
2024-12-04 02:56:00,22
2024-12-04 02:57:00,0
2024-12-04 02:58:00,0
2024-12-04 02:59:00,19
2024-12-04 03:00:00,0
2024-12-04 03:01:00,0
2024-12-04 03:02:00,40
2024-12-04 03:03:00,0
2024-12-04 03:04:00,1
2024-12-04 03:05:00,0
2024-12-04 03:06:00,0
2024-12-04 03:07:00,45
2024-12-04 03:08:00,4
2024-12-04 03:09:00,26
2024-12-04 03:10:00,0
2024-12-04 03:11:00,31
2024-12-04 03:12:00,0
2024-12-04 03:13:00,0
2024-12-04 03:14:00,18
2024-12-04 03:15:00,13
2024-12-04 03:16:00,11
2024-12-04 03:17:00,28
2024-12-04 03:18:00,0
2024-12-04 03:19:00,0
2024-12-04 03:20:00,48
2024-12-04 03:21:00,42
2024-12-04 03:22:00,0
2024-12-04 03:23:00,0
2024-12-04 03:24:00,0
2024-12-04 03:25:00,42
2024-12-04 03:26:00,0
2024-12-04 03:27:00,0
2024-12-04 03:28:00,32
2024-12-04 03:29:00,24
2024-12-04 03:30:00,0
2024-12-04 03:31:00,0
2024-12-04 03:32:00,0
2024-12-04 03:33:00,0
2024-12-04 03:34:00,0
2024-12-04 03:35:00,0
2024-12-04 03:36:00,30
2024-12-04 03:37:00,8
2024-12-04 03:38:00,37
2024-12-04 03:39:00,0
2024-12-04 03:40:00,27
2024-12-04 03:41:00,32
2024-12-04 03:42:00,0
2024-12-04 03:43:00,22
2024-12-04 03:44:00,0
2024-12-04 03:45:00,0
2024-12-04 03:46:00,0
2024-12-04 03:47:00,0
2024-12-04 03:48:00,0
2024-12-04 03:49:00,14
2024-12-04 03:50:00,0
2024-12-04 03:51:00,18
2024-12-04 03:52:00,0
2024-12-04 03:53:00,0
2024-12-04 03:54:00,0
2024-12-04 03:55:00,0
2024-12-04 03:56:00,0
2024-12-04 03:57:00,35
2024-12-04 03:58:00,4
2024-12-04 03:59:00,0
2024-12-04 04:00:00,2
2024-12-04 04:01:00,30
2024-12-04 04:02:00,20
2024-12-04 04:03:00,38
2024-12-04 04:04:00,38
2024-12-04 04:05:00,44
2024-12-04 04:06:00,0
2024-12-04 04:07:00,16
2024-12-04 04:08:00,7
2024-12-04 04:09:00,24
2024-12-04 04:10:00,19
2024-12-04 04:11:00,0
2024-12-04 04:12:00,0
2024-12-04 04:13:00,28
2024-12-04 04:14:00,0
2024-12-04 04:15:00,0
2024-12-04 04:16:00,0
2024-12-04 04:17:00,6
2024-12-04 04:18:00,10
2024-12-04 04:19:00,47
2024-12-04 04:20:00,0
2024-12-04 04:21:00,0
2024-12-04 04:22:00,39
2024-12-04 04:23:00,0
2024-12-04 04:24:00,1
2024-12-04 04:25:00,0
2024-12-04 04:26:00,0
2024-12-04 04:27:00,0
2024-12-04 04:28:00,0
2024-12-04 04:29:00,18
2024-12-04 04:30:00,0
2024-12-04 04:31:00,13
2024-12-04 04:32:00,2
2024-12-04 04:33:00,33
2024-12-04 04:34:00,0
2024-12-04 04:35:00,10
2024-12-04 04:36:00,0
2024-12-04 04:37:00,0
2024-12-04 04:38:00,10
2024-12-04 04:39:00,40
2024-12-04 04:40:00,11
2024-12-04 04:41:00,0
2024-12-04 04:42:00,0
2024-12-04 04:43:00,11
2024-12-04 04:44:00,0
2024-12-04 04:45:00,0
2024-12-04 04:46:00,42
2024-12-04 04:47:00,0
2024-12-04 04:48:00,3
2024-12-04 04:49:00,6
2024-12-04 04:50:00,5
2024-12-04 04:51:00,38
2024-12-04 04:52:00,35
2024-12-04 04:53:00,0
2024-12-04 04:54:00,29
2024-12-04 04:55:00,16
2024-12-04 04:56:00,0
2024-12-04 04:57:00,0
2024-12-04 04:58:00,2
2024-12-04 04:59:00,44
2024-12-04 05:00:00,0
2024-12-04 05:01:00,8
2024-12-04 05:02:00,0
2024-12-04 05:03:00,27
2024-12-04 05:04:00,0
2024-12-04 05:05:00,42
2024-12-04 05:06:00,46
2024-12-04 05:07:00,40
2024-12-04 05:08:00,43
2024-12-04 05:09:00,0
2024-12-04 05:10:00,18
2024-12-04 05:11:00,0
2024-12-04 05:12:00,31
2024-12-04 05:13:00,0
2024-12-04 05:14:00,0
2024-12-04 05:15:00,0
2024-12-04 05:16:00,2
2024-12-04 05:17:00,38
2024-12-04 05:18:00,49
2024-12-04 05:19:00,50
2024-12-04 05:20:00,23
2024-12-04 05:21:00,38
2024-12-04 05:22:00,27
2024-12-04 05:23:00,18
2024-12-04 05:24:00,38
2024-12-04 05:25:00,0
2024-12-04 05:26:00,0
2024-12-04 05:27:00,34
2024-12-04 05:28:00,0
2024-12-04 05:29:00,30
2024-12-04 05:30:00,46
2024-12-04 05:31:00,23
2024-12-04 05:32:00,5
2024-12-04 05:33:00,17
2024-12-04 05:34:00,23
2024-12-04 05:35:00,10
2024-12-04 05:36:00,37
2024-12-04 05:37:00,38
2024-12-04 05:38:00,0
2024-12-04 05:39:00,0
2024-12-04 05:40:00,0
2024-12-04 05:41:00,5
2024-12-04 05:42:00,40
2024-12-04 05:43:00,0
2024-12-04 05:44:00,0
2024-12-04 05:45:00,0
2024-12-04 05:46:00,0
2024-12-04 05:47:00,8
2024-12-04 05:48:00,3
2024-12-04 05:49:00,45
2024-12-04 05:50:00,0
2024-12-04 05:51:00,35
2024-12-04 05:52:00,0
2024-12-04 05:53:00,0
2024-12-04 05:54:00,0
2024-12-04 05:55:00,47
2024-12-04 05:56:00,0
2024-12-04 05:57:00,40
2024-12-04 05:58:00,4
2024-12-04 05:59:00,0
2024-12-04 06:00:00,0
2024-12-04 06:01:00,28
2024-12-04 06:02:00,2
2024-12-04 06:03:00,0
2024-12-04 06:04:00,0
2024-12-04 06:05:00,37
2024-12-04 06:06:00,0
2024-12-04 06:07:00,41
2024-12-04 06:08:00,60
2024-12-04 06:09:00,20
2024-12-04 06:10:00,36
2024-12-04 06:11:00,30
2024-12-04 06:12:00,0
2024-12-04 06:13:00,16
2024-12-04 06:14:00,70
2024-12-04 06:15:00,9
2024-12-04 06:16:00,32
2024-12-04 06:17:00,8
2024-12-04 06:18:00,14
2024-12-04 06:19:00,101
2024-12-04 06:20:00,64
2024-12-04 06:21:00,47
2024-12-04 06:22:00,61
2024-12-04 06:23:00,79
2024-12-04 06:24:00,115
2024-12-04 06:25:00,108
2024-12-04 06:26:00,93
2024-12-04 06:27:00,63
2024-12-04 06:28:00,60
2024-12-04 06:29:00,102
2024-12-04 06:30:00,78
2024-12-04 06:31:00,71
2024-12-04 06:32:00,94
2024-12-04 06:33:00,104
2024-12-04 06:34:00,45
2024-12-04 06:35:00,85
2024-12-04 06:36:00,86
2024-12-04 06:37:00,75
2024-12-04 06:38:00,119
2024-12-04 06:39:00,95
2024-12-04 06:40:00,90
2024-12-04 06:41:00,70
2024-12-04 06:42:00,146
2024-12-04 06:43:00,128
2024-12-04 06:44:00,85
2024-12-04 06:45:00,92
2024-12-04 06:46:00,80
2024-12-04 06:47:00,97
2024-12-04 06:48:00,133
2024-12-04 06:49:00,154
2024-12-04 06:50:00,110
2024-12-04 06:51:00,152
2024-12-04 06:52:00,104
2024-12-04 06:53:00,148
2024-12-04 06:54:00,149
2024-12-04 06:55:00,148
2024-12-04 06:56:00,141
2024-12-04 06:57:00,180
2024-12-04 06:58:00,149
2024-12-04 06:59:00,207
2024-12-04 07:00:00,215
2024-12-04 07:01:00,174
2024-12-04 07:02:00,172
2024-12-04 07:03:00,141
2024-12-04 07:04:00,175
2024-12-04 07:05:00,214
2024-12-04 07:06:00,204
2024-12-04 07:07:00,210
2024-12-04 07:08:00,186
2024-12-04 07:09:00,238
2024-12-04 07:10:00,216
2024-12-04 07:11:00,243
2024-12-04 07:12:00,184
2024-12-04 07:13:00,190
2024-12-04 07:14:00,187
2024-12-04 07:15:00,256
2024-12-04 07:16:00,219
2024-12-04 07:17:00,262
2024-12-04 07:18:00,237
2024-12-04 07:19:00,194
2024-12-04 07:20:00,221
2024-12-04 07:21:00,238
2024-12-04 07:22:00,225
2024-12-04 07:23:00,253
2024-12-04 07:24:00,191
2024-12-04 07:25:00,261
2024-12-04 07:26:00,244
2024-12-04 07:27:00,274
2024-12-04 07:28:00,223
2024-12-04 07:29:00,227
2024-12-04 07:30:00,230
2024-12-04 07:31:00,259
2024-12-04 07:32:00,267
2024-12-04 07:33:00,260
2024-12-04 07:34:00,233
2024-12-04 07:35:00,244
2024-12-04 07:36:00,247
2024-12-04 07:37:00,312
2024-12-04 07:38:00,291
2024-12-04 07:39:00,247
2024-12-04 07:40:00,313
2024-12-04 07:41:00,313
2024-12-04 07:42:00,296
2024-12-04 07:43:00,301
2024-12-04 07:44:00,265
2024-12-04 07:45:00,271
2024-12-04 07:46:00,335
2024-12-04 07:47:00,322
2024-12-04 07:48:00,270
2024-12-04 07:49:00,304
2024-12-04 07:50:00,292
2024-12-04 07:51:00,350
2024-12-04 07:52:00,273
2024-12-04 07:53:00,292
2024-12-04 07:54:00,269
2024-12-04 07:55:00,326
2024-12-04 07:56:00,295
2024-12-04 07:57:00,373
2024-12-04 07:58:00,306
2024-12-04 07:59:00,319
2024-12-04 08:00:00,338
2024-12-04 08:01:00,355
2024-12-04 08:02:00,309
2024-12-04 08:03:00,344
2024-12-04 08:04:00,363
2024-12-04 08:05:00,358
2024-12-04 08:06:00,372
2024-12-04 08:07:00,318
2024-12-04 08:08:00,398
2024-12-04 08:09:00,325
2024-12-04 08:10:00,342
2024-12-04 08:11:00,377
2024-12-04 08:12:00,397
2024-12-04 08:13:00,402
2024-12-04 08:14:00,418
2024-12-04 08:15:00,364
2024-12-04 08:16:00,351
2024-12-04 08:17:00,417
2024-12-04 08:18:00,372
2024-12-04 08:19:00,396
2024-12-04 08:20:00,375
2024-12-04 08:21:00,400
2024-12-04 08:22:00,397
2024-12-04 08:23:00,349
2024-12-04 08:24:00,423
2024-12-04 08:25:00,412
2024-12-04 08:26:00,445
2024-12-04 08:27:00,445
2024-12-04 08:28:00,367
2024-12-04 08:29:00,410
2024-12-04 08:30:00,381
2024-12-04 08:31:00,424
2024-12-04 08:32:00,375
2024-12-04 08:33:00,465
2024-12-04 08:34:00,404
2024-12-04 08:35:00,437
2024-12-04 08:36:00,467
2024-12-04 08:37:00,449
2024-12-04 08:38:00,438
2024-12-04 08:39:00,474
2024-12-04 08:40:00,438
2024-12-04 08:41:00,422
2024-12-04 08:42:00,490
2024-12-04 08:43:00,410
2024-12-04 08:44:00,482
2024-12-04 08:45:00,486
2024-12-04 08:46:00,433
2024-12-04 08:47:00,417
2024-12-04 08:48:00,472
2024-12-04 08:49:00,430
2024-12-04 08:50:00,485
2024-12-04 08:51:00,453
2024-12-04 08:52:00,459
2024-12-04 08:53:00,485
2024-12-04 08:54:00,484
2024-12-04 08:55:00,459
2024-12-04 08:56:00,522
2024-12-04 08:57:00,445
2024-12-04 08:58:00,446
2024-12-04 08:59:00,525
2024-12-04 09:00:00,545
2024-12-04 09:01:00,492
2024-12-04 09:02:00,552
2024-12-04 09:03:00,541
2024-12-04 09:04:00,477
2024-12-04 09:05:00,508
2024-12-04 09:06:00,489
2024-12-04 09:07:00,472
2024-12-04 09:08:00,526
2024-12-04 09:09:00,483
2024-12-04 09:10:00,507
2024-12-04 09:11:00,485
2024-12-04 09:12:00,546
2024-12-04 09:13:00,490
2024-12-04 09:14:00,573
2024-12-04 09:15:00,574
2024-12-04 09:16:00,500
2024-12-04 09:17:00,527
2024-12-04 09:18:00,584
2024-12-04 09:19:00,596
2024-12-04 09:20:00,536
2024-12-04 09:21:00,510
2024-12-04 09:22:00,532
2024-12-04 09:23:00,528
2024-12-04 09:24:00,616
2024-12-04 09:25:00,608
2024-12-04 09:26:00,532
2024-12-04 09:27:00,604
2024-12-04 09:28:00,547
2024-12-04 09:29:00,601
2024-12-04 09:30:00,563
2024-12-04 09:31:00,591
2024-12-04 09:32:00,552
2024-12-04 09:33:00,585
2024-12-04 09:34:00,593
2024-12-04 09:35:00,567
2024-12-04 09:36:00,565
2024-12-04 09:37:00,594
2024-12-04 09:38:00,616
2024-12-04 09:39:00,650
2024-12-04 09:40:00,637
2024-12-04 09:41:00,655
2024-12-04 09:42:00,642
2024-12-04 09:43:00,651
2024-12-04 09:44:00,613
2024-12-04 09:45:00,600
2024-12-04 09:46:00,603
2024-12-04 09:47:00,581
2024-12-04 09:48:00,629
2024-12-04 09:49:00,623
2024-12-04 09:50:00,632
2024-12-04 09:51:00,685
2024-12-04 09:52:00,638
2024-12-04 09:53:00,662
2024-12-04 09:54:00,635
2024-12-04 09:55:00,640
2024-12-04 09:56:00,650
2024-12-04 09:57:00,621
2024-12-04 09:58:00,690
2024-12-04 09:59:00,673
2024-12-04 10:00:00,706
2024-12-04 10:01:00,648
2024-12-04 10:02:00,678
2024-12-04 10:03:00,698
2024-12-04 10:04:00,718
2024-12-04 10:05:00,642
2024-12-04 10:06:00,641
2024-12-04 10:07:00,696
2024-12-04 10:08:00,715
2024-12-04 10:09:00,643
2024-12-04 10:10:00,713
2024-12-04 10:11:00,710
2024-12-04 10:12:00,660
2024-12-04 10:13:00,723
2024-12-04 10:14:00,675
2024-12-04 10:15:00,696
2024-12-04 10:16:00,736
2024-12-04 10:17:00,732
2024-12-04 10:18:00,722
2024-12-04 10:19:00,689
2024-12-04 10:20:00,689
2024-12-04 10:21:00,764
2024-12-04 10:22:00,700
2024-12-04 10:23:00,778
2024-12-04 10:24:00,692
2024-12-04 10:25:00,776
2024-12-04 10:26:00,732
2024-12-04 10:27:00,758
2024-12-04 10:28:00,705
2024-12-04 10:29:00,797
2024-12-04 10:30:00,761
2024-12-04 10:31:00,707
2024-12-04 10:32:00,742
2024-12-04 10:33:00,712
2024-12-04 10:34:00,734
2024-12-04 10:35:00,765
2024-12-04 10:36:00,784
2024-12-04 10:37:00,749
2024-12-04 10:38:00,748
2024-12-04 10:39:00,764
2024-12-04 10:40:00,828
2024-12-04 10:41:00,784
2024-12-04 10:42:00,739
2024-12-04 10:43:00,750
2024-12-04 10:44:00,769
2024-12-04 10:45:00,793
2024-12-04 10:46:00,793
2024-12-04 10:47:00,771
2024-12-04 10:48:00,811
2024-12-04 10:49:00,847
2024-12-04 10:50:00,815
2024-12-04 10:51:00,853
2024-12-04 10:52:00,762
2024-12-04 10:53:00,779
2024-12-04 10:54:00,771
2024-12-04 10:55:00,824
2024-12-04 10:56:00,774
2024-12-04 10:57:00,829
2024-12-04 10:58:00,819
2024-12-04 10:59:00,836
2024-12-04 11:00:00,847
2024-12-04 11:01:00,789
2024-12-04 11:02:00,790
2024-12-04 11:03:00,859
2024-12-04 11:04:00,858
2024-12-04 11:05:00,881
2024-12-04 11:06:00,847
2024-12-04 11:07:00,857
2024-12-04 11:08:00,883
2024-12-04 11:09:00,863
2024-12-04 11:10:00,891
2024-12-04 11:11:00,888
2024-12-04 11:12:00,832
2024-12-04 11:13:00,881
2024-12-04 11:14:00,824
2024-12-04 11:15:00,864
2024-12-04 11:16:00,921
2024-12-04 11:17:00,831
2024-12-04 11:18:00,888
2024-12-04 11:19:00,862
2024-12-04 11:20:00,863
2024-12-04 11:21:00,850
2024-12-04 11:22:00,857
2024-12-04 11:23:00,905
2024-12-04 11:24:00,881
2024-12-04 11:25:00,866
2024-12-04 11:26:00,948
2024-12-04 11:27:00,861
2024-12-04 11:28:00,941
2024-12-04 11:29:00,906
2024-12-04 11:30:00,885
2024-12-04 11:31:00,927
2024-12-04 11:32:00,937
2024-12-04 11:33:00,955
2024-12-04 11:34:00,881
2024-12-04 11:35:00,948
2024-12-04 11:36:00,906
2024-12-04 11:37:00,891
2024-12-04 11:38:00,982
2024-12-04 11:39:00,906
2024-12-04 11:40:00,985
2024-12-04 11:41:00,947
2024-12-04 11:42:00,922
2024-12-04 11:43:00,931
2024-12-04 11:44:00,950
2024-12-04 11:45:00,946
2024-12-04 11:46:00,964
2024-12-04 11:47:00,940
2024-12-04 11:48:00,932
2024-12-04 11:49:00,1000
2024-12-04 11:50:00,1000
2024-12-04 11:51:00,947
2024-12-04 11:52:00,986
2024-12-04 11:53:00,984
2024-12-04 11:54:00,959
2024-12-04 11:55:00,970
2024-12-04 11:56:00,959
2024-12-04 11:57:00,1000
2024-12-04 11:58:00,998
2024-12-04 11:59:00,989
2024-12-04 12:00:00,1000
2024-12-04 12:01:00,969
2024-12-04 12:02:00,998
2024-12-04 12:03:00,944
2024-12-04 12:04:00,1000
2024-12-04 12:05:00,963
2024-12-04 12:06:00,976
2024-12-04 12:07:00,989
2024-12-04 12:08:00,1000
2024-12-04 12:09:00,1000
2024-12-04 12:10:00,933
2024-12-04 12:11:00,966
2024-12-04 12:12:00,1000
2024-12-04 12:13:00,933
2024-12-04 12:14:00,932
2024-12-04 12:15:00,938
2024-12-04 12:16:00,984
2024-12-04 12:17:00,969
2024-12-04 12:18:00,957
2024-12-04 12:19:00,940
2024-12-04 12:20:00,919
2024-12-04 12:21:00,920
2024-12-04 12:22:00,968
2024-12-04 12:23:00,915
2024-12-04 12:24:00,935
2024-12-04 12:25:00,931
2024-12-04 12:26:00,968
2024-12-04 12:27:00,964
2024-12-04 12:28:00,914
2024-12-04 12:29:00,932
2024-12-04 12:30:00,916
2024-12-04 12:31:00,905
2024-12-04 12:32:00,879
2024-12-04 12:33:00,920
2024-12-04 12:34:00,895
2024-12-04 12:35:00,917
2024-12-04 12:36:00,887
2024-12-04 12:37:00,903
2024-12-04 12:38:00,909
2024-12-04 12:39:00,920
2024-12-04 12:40:00,934
2024-12-04 12:41:00,865
2024-12-04 12:42:00,892
2024-12-04 12:43:00,836
2024-12-04 12:44:00,887
2024-12-04 12:45:00,880
2024-12-04 12:46:00,880
2024-12-04 12:47:00,850
2024-12-04 12:48:00,849
2024-12-04 12:49:00,908
2024-12-04 12:50:00,848
2024-12-04 12:51:00,822
2024-12-04 12:52:00,825
2024-12-04 12:53:00,830
2024-12-04 12:54:00,821
2024-12-04 12:55:00,842
2024-12-04 12:56:00,845
2024-12-04 12:57:00,846
2024-12-04 12:58:00,803
2024-12-04 12:59:00,859
2024-12-04 13:00:00,851
2024-12-04 13:01:00,783
2024-12-04 13:02:00,812
2024-12-04 13:03:00,811
2024-12-04 13:04:00,853
2024-12-04 13:05:00,792
2024-12-04 13:06:00,826
2024-12-04 13:07:00,854
2024-12-04 13:08:00,801
2024-12-04 13:09:00,822
2024-12-04 13:10:00,763
2024-12-04 13:11:00,808
2024-12-04 13:12:00,779
2024-12-04 13:13:00,839
2024-12-04 13:14:00,843
2024-12-04 13:15:00,809
2024-12-04 13:16:00,786
2024-12-04 13:17:00,783
2024-12-04 13:18:00,775
2024-12-04 13:19:00,785
2024-12-04 13:20:00,771
2024-12-04 13:21:00,740
2024-12-04 13:22:00,796
2024-12-04 13:23:00,736
2024-12-04 13:24:00,795
2024-12-04 13:25:00,759
2024-12-04 13:26:00,789
2024-12-04 13:27:00,746
2024-12-04 13:28:00,759
2024-12-04 13:29:00,707
2024-12-04 13:30:00,735
2024-12-04 13:31:00,719
2024-12-04 13:32:00,731
2024-12-04 13:33:00,790
2024-12-04 13:34:00,752
2024-12-04 13:35:00,727
2024-12-04 13:36:00,715
2024-12-04 13:37:00,771
2024-12-04 13:38:00,759
2024-12-04 13:39:00,770
2024-12-04 13:40:00,718
2024-12-04 13:41:00,713
2024-12-04 13:42:00,728
2024-12-04 13:43:00,719
2024-12-04 13:44:00,748
2024-12-04 13:45:00,727
2024-12-04 13:46:00,704
2024-12-04 13:47:00,685
2024-12-04 13:48:00,735
2024-12-04 13:49:00,661
2024-12-04 13:50:00,708
2024-12-04 13:51:00,718
2024-12-04 13:52:00,698
2024-12-04 13:53:00,694
2024-12-04 13:54:00,652
2024-12-04 13:55:00,658
2024-12-04 13:56:00,642
2024-12-04 13:57:00,683
2024-12-04 13:58:00,677
2024-12-04 13:59:00,671
2024-12-04 14:00:00,653
2024-12-04 14:01:00,677
2024-12-04 14:02:00,633
2024-12-04 14:03:00,614
2024-12-04 14:04:00,615
2024-12-04 14:05:00,612
2024-12-04 14:06:00,646
2024-12-04 14:07:00,636
2024-12-04 14:08:00,651
2024-12-04 14:09:00,667
2024-12-04 14:10:00,654
2024-12-04 14:11:00,661
2024-12-04 14:12:00,626
2024-12-04 14:13:00,657
2024-12-04 14:14:00,581
2024-12-04 14:15:00,641
2024-12-04 14:16:00,611
2024-12-04 14:17:00,602
2024-12-04 14:18:00,641
2024-12-04 14:19:00,627
2024-12-04 14:20:00,652
2024-12-04 14:21:00,655
2024-12-04 14:22:00,560
2024-12-04 14:23:00,614
2024-12-04 14:24:00,604
2024-12-04 14:25:00,573
2024-12-04 14:26:00,552
2024-12-04 14:27:00,590
2024-12-04 14:28:00,625
2024-12-04 14:29:00,571
2024-12-04 14:30:00,574
2024-12-04 14:31:00,628
2024-12-04 14:32:00,612
2024-12-04 14:33:00,580
2024-12-04 14:34:00,547
2024-12-04 14:35:00,547
2024-12-04 14:36:00,600
2024-12-04 14:37:00,605
2024-12-04 14:38:00,514
2024-12-04 14:39:00,509
2024-12-04 14:40:00,544
2024-12-04 14:41:00,593
2024-12-04 14:42:00,586
2024-12-04 14:43:00,531
2024-12-04 14:44:00,577
2024-12-04 14:45:00,584
2024-12-04 14:46:00,584
2024-12-04 14:47:00,565
2024-12-04 14:48:00,542
2024-12-04 14:49:00,494
2024-12-04 14:50:00,539
2024-12-04 14:51:00,487
2024-12-04 14:52:00,519
2024-12-04 14:53:00,481
2024-12-04 14:54:00,498
2024-12-04 14:55:00,465
2024-12-04 14:56:00,538
2024-12-04 14:57:00,527
2024-12-04 14:58:00,467
2024-12-04 14:59:00,505
2024-12-04 15:00:00,545
2024-12-04 15:01:00,547
2024-12-04 15:02:00,464
2024-12-04 15:03:00,527
2024-12-04 15:04:00,450
2024-12-04 15:05:00,471
2024-12-04 15:06:00,464
2024-12-04 15:07:00,505
2024-12-04 15:08:00,458
2024-12-04 15:09:00,523
2024-12-04 15:10:00,519
2024-12-04 15:11:00,474
2024-12-04 15:12:00,484
2024-12-04 15:13:00,443
2024-12-04 15:14:00,454
2024-12-04 15:15:00,478
2024-12-04 15:16:00,430
2024-12-04 15:17:00,406
2024-12-04 15:18:00,451
2024-12-04 15:19:00,413
2024-12-04 15:20:00,474
2024-12-04 15:21:00,431
2024-12-04 15:22:00,449
2024-12-04 15:23:00,431
2024-12-04 15:24:00,452
2024-12-04 15:25:00,471
2024-12-04 15:26:00,433
2024-12-04 15:27:00,466
2024-12-04 15:28:00,411
2024-12-04 15:29:00,456
2024-12-04 15:30:00,428
2024-12-04 15:31:00,391
2024-12-04 15:32:00,375
2024-12-04 15:33:00,423
2024-12-04 15:34:00,360
2024-12-04 15:35:00,363
2024-12-04 15:36:00,396
2024-12-04 15:37:00,433
2024-12-04 15:38:00,415
2024-12-04 15:39:00,411
2024-12-04 15:40:00,345
2024-12-04 15:41:00,369
2024-12-04 15:42:00,348
2024-12-04 15:43:00,361
2024-12-04 15:44:00,329
2024-12-04 15:45:00,410
2024-12-04 15:46:00,351
2024-12-04 15:47:00,347
2024-12-04 15:48:00,348
2024-12-04 15:49:00,380
2024-12-04 15:50:00,396
2024-12-04 15:51:00,334
2024-12-04 15:52:00,360
2024-12-04 15:53:00,340
2024-12-04 15:54:00,303
2024-12-04 15:55:00,388
2024-12-04 15:56:00,338
2024-12-04 15:57:00,387
2024-12-04 15:58:00,323
2024-12-04 15:59:00,325
2024-12-04 16:00:00,300
2024-12-04 16:01:00,300
2024-12-04 16:02:00,368
2024-12-04 16:03:00,366
2024-12-04 16:04:00,329
2024-12-04 16:05:00,292
2024-12-04 16:06:00,348
2024-12-04 16:07:00,282
2024-12-04 16:08:00,309
2024-12-04 16:09:00,343
2024-12-04 16:10:00,300
2024-12-04 16:11:00,254
2024-12-04 16:12:00,344
2024-12-04 16:13:00,343
2024-12-04 16:14:00,286
2024-12-04 16:15:00,286
2024-12-04 16:16:00,287
2024-12-04 16:17:00,294
2024-12-04 16:18:00,283
2024-12-04 16:19:00,259
2024-12-04 16:20:00,291
2024-12-04 16:21:00,273
2024-12-04 16:22:00,236
2024-12-04 16:23:00,256
2024-12-04 16:24:00,306
2024-12-04 16:25:00,259
2024-12-04 16:26:00,311
2024-12-04 16:27:00,216
2024-12-04 16:28:00,234
2024-12-04 16:29:00,215
2024-12-04 16:30:00,284
2024-12-04 16:31:00,236
2024-12-04 16:32:00,259
2024-12-04 16:33:00,275
2024-12-04 16:34:00,250
2024-12-04 16:35:00,233
2024-12-04 16:36:00,225
2024-12-04 16:37:00,194
2024-12-04 16:38:00,261
2024-12-04 16:39:00,211
2024-12-04 16:40:00,247
2024-12-04 16:41:00,199
2024-12-04 16:42:00,225
2024-12-04 16:43:00,260
2024-12-04 16:44:00,254
2024-12-04 16:45:00,173
2024-12-04 16:46:00,227
2024-12-04 16:47:00,205
2024-12-04 16:48:00,191
2024-12-04 16:49:00,148
2024-12-04 16:50:00,162
2024-12-04 16:51:00,200
2024-12-04 16:52:00,165
2024-12-04 16:53:00,226
2024-12-04 16:54:00,145
2024-12-04 16:55:00,224
2024-12-04 16:56:00,151
2024-12-04 16:57:00,193
2024-12-04 16:58:00,126
2024-12-04 16:59:00,181
2024-12-04 17:00:00,172
2024-12-04 17:01:00,191
2024-12-04 17:02:00,181
2024-12-04 17:03:00,116
2024-12-04 17:04:00,170
2024-12-04 17:05:00,103
2024-12-04 17:06:00,143
2024-12-04 17:07:00,194
2024-12-04 17:08:00,116
2024-12-04 17:09:00,101
2024-12-04 17:10:00,107
2024-12-04 17:11:00,158
2024-12-04 17:12:00,144
2024-12-04 17:13:00,82
2024-12-04 17:14:00,118
2024-12-04 17:15:00,161
2024-12-04 17:16:00,147
2024-12-04 17:17:00,108
2024-12-04 17:18:00,79
2024-12-04 17:19:00,109
2024-12-04 17:20:00,67
2024-12-04 17:21:00,154
2024-12-04 17:22:00,66
2024-12-04 17:23:00,98
2024-12-04 17:24:00,109
2024-12-04 17:25:00,89
2024-12-04 17:26:00,81
2024-12-04 17:27:00,131
2024-12-04 17:28:00,109
2024-12-04 17:29:00,111
2024-12-04 17:30:00,41
2024-12-04 17:31:00,33
2024-12-04 17:32:00,94
2024-12-04 17:33:00,105
2024-12-04 17:34:00,45
2024-12-04 17:35:00,77
2024-12-04 17:36:00,72
2024-12-04 17:37:00,40
2024-12-04 17:38:00,48
2024-12-04 17:39:00,22
2024-12-04 17:40:00,86
2024-12-04 17:41:00,47
2024-12-04 17:42:00,80
2024-12-04 17:43:00,68
2024-12-04 17:44:00,40
2024-12-04 17:45:00,24
2024-12-04 17:46:00,0
2024-12-04 17:47:00,53
2024-12-04 17:48:00,57
2024-12-04 17:49:00,0
2024-12-04 17:50:00,12
2024-12-04 17:51:00,17
2024-12-04 17:52:00,0
2024-12-04 17:53:00,5
2024-12-04 17:54:00,0
2024-12-04 17:55:00,0
2024-12-04 17:56:00,54
2024-12-04 17:57:00,24
2024-12-04 17:58:00,47
2024-12-04 17:59:00,0
2024-12-04 18:00:00,44
2024-12-04 18:01:00,0
2024-12-04 18:02:00,0
2024-12-04 18:03:00,0
2024-12-04 18:04:00,47
2024-12-04 18:05:00,0
2024-12-04 18:06:00,0
2024-12-04 18:07:00,24
2024-12-04 18:08:00,29
2024-12-04 18:09:00,39
2024-12-04 18:10:00,0
2024-12-04 18:11:00,5
2024-12-04 18:12:00,0
2024-12-04 18:13:00,41
2024-12-04 18:14:00,0
2024-12-04 18:15:00,0
2024-12-04 18:16:00,4
2024-12-04 18:17:00,11
2024-12-04 18:18:00,0
2024-12-04 18:19:00,3
2024-12-04 18:20:00,22
2024-12-04 18:21:00,12
2024-12-04 18:22:00,0
2024-12-04 18:23:00,0
2024-12-04 18:24:00,2
2024-12-04 18:25:00,0
2024-12-04 18:26:00,0
2024-12-04 18:27:00,7
2024-12-04 18:28:00,27
2024-12-04 18:29:00,42
2024-12-04 18:30:00,4
2024-12-04 18:31:00,0
2024-12-04 18:32:00,27
2024-12-04 18:33:00,36
2024-12-04 18:34:00,36
2024-12-04 18:35:00,18
2024-12-04 18:36:00,22
2024-12-04 18:37:00,21
2024-12-04 18:38:00,0
2024-12-04 18:39:00,0
2024-12-04 18:40:00,0
2024-12-04 18:41:00,37
2024-12-04 18:42:00,0
2024-12-04 18:43:00,44
2024-12-04 18:44:00,17
2024-12-04 18:45:00,20
2024-12-04 18:46:00,0
2024-12-04 18:47:00,39
2024-12-04 18:48:00,10
2024-12-04 18:49:00,49
2024-12-04 18:50:00,0
2024-12-04 18:51:00,0
2024-12-04 18:52:00,35
2024-12-04 18:53:00,0
2024-12-04 18:54:00,35
2024-12-04 18:55:00,0
2024-12-04 18:56:00,49
2024-12-04 18:57:00,2
2024-12-04 18:58:00,9
2024-12-04 18:59:00,0
2024-12-04 19:00:00,37
2024-12-04 19:01:00,0
2024-12-04 19:02:00,0
2024-12-04 19:03:00,23
2024-12-04 19:04:00,8
2024-12-04 19:05:00,0
2024-12-04 19:06:00,0
2024-12-04 19:07:00,2
2024-12-04 19:08:00,0
2024-12-04 19:09:00,49
2024-12-04 19:10:00,43
2024-12-04 19:11:00,0
2024-12-04 19:12:00,0
2024-12-04 19:13:00,15
2024-12-04 19:14:00,0
2024-12-04 19:15:00,0
2024-12-04 19:16:00,0
2024-12-04 19:17:00,22
2024-12-04 19:18:00,0
2024-12-04 19:19:00,42
2024-12-04 19:20:00,0
2024-12-04 19:21:00,17
2024-12-04 19:22:00,18
2024-12-04 19:23:00,0
2024-12-04 19:24:00,0
2024-12-04 19:25:00,10
2024-12-04 19:26:00,0
2024-12-04 19:27:00,0
2024-12-04 19:28:00,0
2024-12-04 19:29:00,0
2024-12-04 19:30:00,0
2024-12-04 19:31:00,10
2024-12-04 19:32:00,37
2024-12-04 19:33:00,42
2024-12-04 19:34:00,16
2024-12-04 19:35:00,0
2024-12-04 19:36:00,6
2024-12-04 19:37:00,28
2024-12-04 19:38:00,0
2024-12-04 19:39:00,13
2024-12-04 19:40:00,28
2024-12-04 19:41:00,28
2024-12-04 19:42:00,48
2024-12-04 19:43:00,19
2024-12-04 19:44:00,0
2024-12-04 19:45:00,40
2024-12-04 19:46:00,29
2024-12-04 19:47:00,49
2024-12-04 19:48:00,47
2024-12-04 19:49:00,0
2024-12-04 19:50:00,30
2024-12-04 19:51:00,43
2024-12-04 19:52:00,0
2024-12-04 19:53:00,0
2024-12-04 19:54:00,36
2024-12-04 19:55:00,0
2024-12-04 19:56:00,16
2024-12-04 19:57:00,15
2024-12-04 19:58:00,29
2024-12-04 19:59:00,0
2024-12-04 20:00:00,0
2024-12-04 20:01:00,38
2024-12-04 20:02:00,46
2024-12-04 20:03:00,19
2024-12-04 20:04:00,6
2024-12-04 20:05:00,12
2024-12-04 20:06:00,28
2024-12-04 20:07:00,38
2024-12-04 20:08:00,0
2024-12-04 20:09:00,0
2024-12-04 20:10:00,0
2024-12-04 20:11:00,37
2024-12-04 20:12:00,11
2024-12-04 20:13:00,7
2024-12-04 20:14:00,0
2024-12-04 20:15:00,0
2024-12-04 20:16:00,0
2024-12-04 20:17:00,32
2024-12-04 20:18:00,0
2024-12-04 20:19:00,0
2024-12-04 20:20:00,29
2024-12-04 20:21:00,26
2024-12-04 20:22:00,2
2024-12-04 20:23:00,22
2024-12-04 20:24:00,0
2024-12-04 20:25:00,37
2024-12-04 20:26:00,0
2024-12-04 20:27:00,23
2024-12-04 20:28:00,23
2024-12-04 20:29:00,0
2024-12-04 20:30:00,0
2024-12-04 20:31:00,48
2024-12-04 20:32:00,7
2024-12-04 20:33:00,0
2024-12-04 20:34:00,17
2024-12-04 20:35:00,31
2024-12-04 20:36:00,29
2024-12-04 20:37:00,31
2024-12-04 20:38:00,2
2024-12-04 20:39:00,0
2024-12-04 20:40:00,9
2024-12-04 20:41:00,0
2024-12-04 20:42:00,33
2024-12-04 20:43:00,1
2024-12-04 20:44:00,0
2024-12-04 20:45:00,0
2024-12-04 20:46:00,2
2024-12-04 20:47:00,38
2024-12-04 20:48:00,47
2024-12-04 20:49:00,0
2024-12-04 20:50:00,33
2024-12-04 20:51:00,0
2024-12-04 20:52:00,41
2024-12-04 20:53:00,28
2024-12-04 20:54:00,4
2024-12-04 20:55:00,37
2024-12-04 20:56:00,0
2024-12-04 20:57:00,0
2024-12-04 20:58:00,31
2024-12-04 20:59:00,0
2024-12-04 21:00:00,9
2024-12-04 21:01:00,34
2024-12-04 21:02:00,0
2024-12-04 21:03:00,0
2024-12-04 21:04:00,31
2024-12-04 21:05:00,10
2024-12-04 21:06:00,45
2024-12-04 21:07:00,0
2024-12-04 21:08:00,23
2024-12-04 21:09:00,0
2024-12-04 21:10:00,0
2024-12-04 21:11:00,37
2024-12-04 21:12:00,0
2024-12-04 21:13:00,21
2024-12-04 21:14:00,26
2024-12-04 21:15:00,0
2024-12-04 21:16:00,0
2024-12-04 21:17:00,9
2024-12-04 21:18:00,0
2024-12-04 21:19:00,12
2024-12-04 21:20:00,47
2024-12-04 21:21:00,0
2024-12-04 21:22:00,0
2024-12-04 21:23:00,29
2024-12-04 21:24:00,0
2024-12-04 21:25:00,22
2024-12-04 21:26:00,0
2024-12-04 21:27:00,30
2024-12-04 21:28:00,17
2024-12-04 21:29:00,0
2024-12-04 21:30:00,38
2024-12-04 21:31:00,0
2024-12-04 21:32:00,6
2024-12-04 21:33:00,13
2024-12-04 21:34:00,0
2024-12-04 21:35:00,0
2024-12-04 21:36:00,0
2024-12-04 21:37:00,50
2024-12-04 21:38:00,13
2024-12-04 21:39:00,21
2024-12-04 21:40:00,15
2024-12-04 21:41:00,28
2024-12-04 21:42:00,0
2024-12-04 21:43:00,34
2024-12-04 21:44:00,0
2024-12-04 21:45:00,0
2024-12-04 21:46:00,24
2024-12-04 21:47:00,0
2024-12-04 21:48:00,0
2024-12-04 21:49:00,5
2024-12-04 21:50:00,42
2024-12-04 21:51:00,41
2024-12-04 21:52:00,0
2024-12-04 21:53:00,0
2024-12-04 21:54:00,22
2024-12-04 21:55:00,0
2024-12-04 21:56:00,35
2024-12-04 21:57:00,0
2024-12-04 21:58:00,0
2024-12-04 21:59:00,40
2024-12-04 22:00:00,8
2024-12-04 22:01:00,39
2024-12-04 22:02:00,35
2024-12-04 22:03:00,0
2024-12-04 22:04:00,0
2024-12-04 22:05:00,0
2024-12-04 22:06:00,0
2024-12-04 22:07:00,0
2024-12-04 22:08:00,0
2024-12-04 22:09:00,29
2024-12-04 22:10:00,16
2024-12-04 22:11:00,0
2024-12-04 22:12:00,0
2024-12-04 22:13:00,0
2024-12-04 22:14:00,39
2024-12-04 22:15:00,12
2024-12-04 22:16:00,34
2024-12-04 22:17:00,36
2024-12-04 22:18:00,0
2024-12-04 22:19:00,0
2024-12-04 22:20:00,0
2024-12-04 22:21:00,0
2024-12-04 22:22:00,5
2024-12-04 22:23:00,19
2024-12-04 22:24:00,0
2024-12-04 22:25:00,6
2024-12-04 22:26:00,0
2024-12-04 22:27:00,9
2024-12-04 22:28:00,10
2024-12-04 22:29:00,6
2024-12-04 22:30:00,19
2024-12-04 22:31:00,14
2024-12-04 22:32:00,28
2024-12-04 22:33:00,0
2024-12-04 22:34:00,0
2024-12-04 22:35:00,0
2024-12-04 22:36:00,0
2024-12-04 22:37:00,0
2024-12-04 22:38:00,36
2024-12-04 22:39:00,19
2024-12-04 22:40:00,18
2024-12-04 22:41:00,21
2024-12-04 22:42:00,35
2024-12-04 22:43:00,20
2024-12-04 22:44:00,26
2024-12-04 22:45:00,45
2024-12-04 22:46:00,0
2024-12-04 22:47:00,0
2024-12-04 22:48:00,0
2024-12-04 22:49:00,0
2024-12-04 22:50:00,4
2024-12-04 22:51:00,0
2024-12-04 22:52:00,0
2024-12-04 22:53:00,30
2024-12-04 22:54:00,3
2024-12-04 22:55:00,0
2024-12-04 22:56:00,41
2024-12-04 22:57:00,0
2024-12-04 22:58:00,16
2024-12-04 22:59:00,6
2024-12-04 23:00:00,14
2024-12-04 23:01:00,41
2024-12-04 23:02:00,0
2024-12-04 23:03:00,0
2024-12-04 23:04:00,26
2024-12-04 23:05:00,0
2024-12-04 23:06:00,7
2024-12-04 23:07:00,0
2024-12-04 23:08:00,12
2024-12-04 23:09:00,0
2024-12-04 23:10:00,3
2024-12-04 23:11:00,0
2024-12-04 23:12:00,50
2024-12-04 23:13:00,0
2024-12-04 23:14:00,0
2024-12-04 23:15:00,0
2024-12-04 23:16:00,0
2024-12-04 23:17:00,31
2024-12-04 23:18:00,0
2024-12-04 23:19:00,4
2024-12-04 23:20:00,0
2024-12-04 23:21:00,9
2024-12-04 23:22:00,47
2024-12-04 23:23:00,0
2024-12-04 23:24:00,0
2024-12-04 23:25:00,0
2024-12-04 23:26:00,0
2024-12-04 23:27:00,34
2024-12-04 23:28:00,0
2024-12-04 23:29:00,39
2024-12-04 23:30:00,37
2024-12-04 23:31:00,0
2024-12-04 23:32:00,0
2024-12-04 23:33:00,8
2024-12-04 23:34:00,0
2024-12-04 23:35:00,35
2024-12-04 23:36:00,49
2024-12-04 23:37:00,9
2024-12-04 23:38:00,15
2024-12-04 23:39:00,28
2024-12-04 23:40:00,24
2024-12-04 23:41:00,0
2024-12-04 23:42:00,0
2024-12-04 23:43:00,0
2024-12-04 23:44:00,41
2024-12-04 23:45:00,8
2024-12-04 23:46:00,0
2024-12-04 23:47:00,48
2024-12-04 23:48:00,20
2024-12-04 23:49:00,0
2024-12-04 23:50:00,0
2024-12-04 23:51:00,45
2024-12-04 23:52:00,0
2024-12-04 23:53:00,0
2024-12-04 23:54:00,6
2024-12-04 23:55:00,25
2024-12-04 23:56:00,32
2024-12-04 23:57:00,13
2024-12-04 23:58:00,0
2024-12-04 23:59:00,24
